,0
0,/Catalog/Index/226
1,/Catalog/Index/227
2,/Catalog/Index/241
3,/Catalog/Index/242
4,/Catalog/Index/248
5,/Catalog/Index/250
6,/Catalog/Index/251
7,/Catalog/Index/6168
8,/Catalog/Index/6169
9,/Catalog/Index/6170
10,/Catalog/Index/6171
11,/Catalog/Index/262
12,/Catalog/Index/263
13,/Catalog/Index/6173
14,/Catalog/Index/6174
15,/Catalog/Index/6176
16,/Catalog/Index/6177
17,/Catalog/Index/6178
18,/Catalog/Index/6179
19,https://www.biblio-globus.ru/catalog/index/6180
20,https://www.biblio-globus.ru/catalog/index/6181
21,https://www.biblio-globus.ru/catalog/index/6182
22,https://www.biblio-globus.ru/catalog/index/6183
23,https://www.biblio-globus.ru/catalog/index/6184
24,/Catalog/Index/6186
25,/Catalog/Index/6187
26,/Catalog/Index/6188
27,/Catalog/Index/6189
28,https://www.biblio-globus.ru/catalog/index/6112
29,https://www.biblio-globus.ru/catalog/index/6113
30,https://www.biblio-globus.ru/catalog/index/6114
31,https://www.biblio-globus.ru/catalog/index/6115
32,https://www.biblio-globus.ru/catalog/index/6116
33,https://www.biblio-globus.ru/catalog/index/6117
34,https://www.biblio-globus.ru/catalog/index/6118
35,https://www.biblio-globus.ru/catalog/index/6119
36,https://www.biblio-globus.ru/catalog/index/6120
37,https://www.biblio-globus.ru/catalog/index/6121
38,https://www.biblio-globus.ru/catalog/index/6122
39,/Catalog/Index/6129
40,/Catalog/Index/6130
41,/Catalog/Index/6131
42,/Catalog/Index/6132
43,/Catalog/Index/6133
44,/Catalog/Index/6134
45,/Catalog/Index/6135
46,/Catalog/Index/6136
47,/Catalog/Index/6137
48,/Catalog/Index/6138
49,/Catalog/Index/6140
50,/Catalog/Index/6141
51,/Catalog/Index/6142
52,/Catalog/Index/6143
53,/Catalog/Index/6144
54,/Catalog/Index/6146
55,/Catalog/Index/6147
56,/Catalog/Index/6148
57,/Catalog/Index/6149
58,/Catalog/Index/6150
59,/Catalog/Index/6151
60,/Catalog/Index/6153
61,/Catalog/Index/6154
62,/Catalog/Index/6155
63,/Catalog/Index/6157
64,/Catalog/Index/6158
65,/Catalog/Index/6159
66,/Catalog/Index/6160
67,/Catalog/Index/6161
68,/Catalog/Index/6162
69,/Catalog/Index/6164
70,/Catalog/Index/6165
71,/Catalog/Index/6166
72,/Catalog/Index/6167
73,https://www.biblio-globus.ru/catalog/index/2422
74,/Catalog/Index/2464
75,/Catalog/Index/2465
76,/Catalog/Index/2466
77,/Catalog/Index/2467
78,/Catalog/Index/2468
79,/Catalog/Index/2470
80,/Catalog/Index/2471
81,/Catalog/Index/2473
82,/Catalog/Index/2474
83,/Catalog/Index/2475
84,/Catalog/Index/2476
85,/Catalog/Index/2477
86,/Catalog/Index/2479
87,/Catalog/Index/2486
88,/Catalog/Index/2488
89,/Catalog/Index/2489
90,/Catalog/Index/2491
91,/Catalog/Index/2492
92,/Catalog/Index/2493
93,/Catalog/Index/2495
94,/Catalog/Index/2497
95,/Catalog/Index/2498
96,/Catalog/Index/2500
97,/Catalog/Index/2502
98,/Catalog/Index/5887
99,/Catalog/Index/2508
100,/Catalog/Index/2509
101,https://www.biblio-globus.ru/catalog/index/2510
102,/Catalog/Index/5889
103,/Catalog/Index/5890
104,/Catalog/Index/6091
105,/Catalog/Index/6092
106,/Catalog/Index/6093
107,/Catalog/Index/6094
108,/Catalog/Index/6095
109,/Catalog/Index/6096
110,/Catalog/Index/6097
111,/Catalog/Index/6098
112,/Catalog/Index/6100
113,/Catalog/Index/6101
114,/Catalog/Index/6102
115,/Catalog/Index/6103
116,/Catalog/Index/6105
117,/Catalog/Index/6106
118,/Catalog/Index/6107
119,/Catalog/Index/6108
120,/Catalog/Index/6109
121,/Catalog/Index/6110
122,/Catalog/Index/6111
123,/Catalog/Index/1232
124,/Catalog/Index/1233
125,/Catalog/Index/1234
126,/Catalog/Index/6123
127,/Catalog/Index/6124
128,/Catalog/Index/6125
129,/Catalog/Index/6127
130,/Catalog/Index/1299
131,/Catalog/Index/1301
132,/Catalog/Index/1302
133,/Catalog/Index/1303
134,/Catalog/Index/1306
135,/Catalog/Index/1307
136,/Catalog/Index/1308
137,/Catalog/Index/1309
138,/Catalog/Index/1310
139,/Catalog/Index/1311
140,/Catalog/Index/1312
141,/Catalog/Index/1313
142,/Catalog/Index/1314
143,/Catalog/Index/1316
144,/Catalog/Index/1317
145,/Catalog/Index/1323
146,/Catalog/Index/1327
147,/Catalog/Index/1328
148,/Catalog/Index/1329
149,/Catalog/Index/1330
150,/Catalog/Index/1331
151,/Catalog/Index/1332
152,/Catalog/Index/1333
153,/Catalog/Index/1334
154,/Catalog/Index/1335
155,/Catalog/Index/1336
156,/Catalog/Index/1338
157,/Catalog/Index/1339
158,/Catalog/Index/1340
159,/Catalog/Index/1423
160,/Catalog/Index/1424
161,/Catalog/Index/6331
162,/Catalog/Index/6333
163,/Catalog/Index/6334
164,/Catalog/Index/6335
165,/Catalog/Index/6336
166,/Catalog/Index/1145
167,/Catalog/Index/1146
168,/Catalog/Index/1147
169,/Catalog/Index/1148
170,/Catalog/Index/1150
171,/Catalog/Index/1151
172,/Catalog/Index/1152
173,/Catalog/Index/1153
174,/Catalog/Index/1154
175,/Catalog/Index/1158
176,/Catalog/Index/1159
177,/Catalog/Index/1160
178,/Catalog/Index/1161
179,/Catalog/Index/1162
180,/Catalog/Index/1163
181,/Catalog/Index/1164
182,/Catalog/Index/1165
183,/Catalog/Index/1166
184,/Catalog/Index/1167
185,/Catalog/Index/1169
186,/Catalog/Index/1170
187,/Catalog/Index/1171
188,/Catalog/Index/1172
189,/Catalog/Index/1173
190,/Catalog/Index/1175
191,/Catalog/Index/1177
192,/Catalog/Index/1178
193,/Catalog/Index/1181
194,/Catalog/Index/1182
195,/Catalog/Index/1183
196,/Catalog/Index/1184
197,/Catalog/Index/1185
198,/Catalog/Index/1186
199,/Catalog/Index/1187
200,/Catalog/Index/1188
201,/Catalog/Index/1189
202,/Catalog/Index/1190
203,/Catalog/Index/1191
204,/Catalog/Index/1192
205,/Catalog/Index/1193
206,/Catalog/Index/1194
207,/Catalog/Index/1195
208,/Catalog/Index/1196
209,/Catalog/Index/1198
210,/Catalog/Index/1201
211,/Catalog/Index/1203
212,/Catalog/Index/1204
213,/Catalog/Index/1205
214,/Catalog/Index/1206
215,/Catalog/Index/1207
216,/Catalog/Index/1208
217,/Catalog/Index/1209
218,/Catalog/Index/1211
219,/Catalog/Index/1212
220,/Catalog/Index/1213
221,/Catalog/Index/1214
222,/Catalog/Index/1215
223,/Catalog/Index/1216
224,/Catalog/Index/1217
225,/Catalog/Index/1219
226,/Catalog/Index/1220
227,/Catalog/Index/1221
228,/Catalog/Index/1225
229,/Catalog/Index/918
230,/Catalog/Index/919
231,/Catalog/Index/920
232,/Catalog/Index/921
233,/Catalog/Index/922
234,/Catalog/Index/924
235,/Catalog/Index/925
236,/Catalog/Index/1048
237,/Catalog/Index/1050
238,/Catalog/Index/1052
239,/Catalog/Index/1058
240,/Catalog/Index/1059
241,/Catalog/Index/1060
242,/Catalog/Index/1061
243,/Catalog/Index/1062
244,/Catalog/Index/1063
245,/Catalog/Index/1065
246,/Catalog/Index/1066
247,/Catalog/Index/1067
248,/Catalog/Index/1069
249,/Catalog/Index/1070
250,/Catalog/Index/1072
251,/Catalog/Index/1074
252,/Catalog/Index/1075
253,/Catalog/Index/1076
254,/Catalog/Index/1078
255,/Catalog/Index/1081
256,/Catalog/Index/1083
257,/Catalog/Index/1085
258,/Catalog/Index/1086
259,/Catalog/Index/1087
260,/Catalog/Index/1090
261,/Catalog/Index/1091
262,/Catalog/Index/1092
263,/Catalog/Index/1094
264,/Catalog/Index/1096
265,/Catalog/Index/1097
266,/Catalog/Index/1098
267,/Catalog/Index/1099
268,/Catalog/Index/1107
269,/Catalog/Index/1108
270,/Catalog/Index/1109
271,/Catalog/Index/1110
272,/Catalog/Index/1111
273,/Catalog/Index/1112
274,/Catalog/Index/1113
275,/Catalog/Index/1114
276,/Catalog/Index/1115
277,/Catalog/Index/1116
278,/Catalog/Index/1117
279,/Catalog/Index/1118
280,/Catalog/Index/1119
281,/Catalog/Index/1120
282,/Catalog/Index/1121
283,/Catalog/Index/1123
284,/Catalog/Index/1124
285,/Catalog/Index/1125
286,/Catalog/Index/1126
287,/Catalog/Index/1127
288,/Catalog/Index/1128
289,/Catalog/Index/1129
290,/Catalog/Index/1130
291,/Catalog/Index/1132
292,/Catalog/Index/1133
293,/Catalog/Index/1134
294,/Catalog/Index/1140
295,/Catalog/Index/1142
296,/Catalog/Index/1143
297,/Catalog/Index/1144
298,/Catalog/Index/278
299,/Catalog/Index/279
300,/Catalog/Index/280
301,/Catalog/Index/281
302,/Catalog/Index/282
303,/Catalog/Index/283
304,/Catalog/Index/284
305,/Catalog/Index/285
306,/Catalog/Index/286
307,/Catalog/Index/287
308,/Catalog/Index/288
309,/Catalog/Index/289
310,/Catalog/Index/290
311,/Catalog/Index/291
312,/Catalog/Index/292
313,/Catalog/Index/293
314,/Catalog/Index/294
315,/Catalog/Index/295
316,/Catalog/Index/296
317,/Catalog/Index/298
318,/Catalog/Index/299
319,/Catalog/Index/301
320,/Catalog/Index/302
321,/Catalog/Index/303
322,/Catalog/Index/304
323,/Catalog/Index/305
324,/Catalog/Index/306
325,/Catalog/Index/307
326,/Catalog/Index/308
327,/Catalog/Index/309
328,/Catalog/Index/310
329,/Catalog/Index/311
330,/Catalog/Index/312
331,/Catalog/Index/313
332,/Catalog/Index/314
333,/Catalog/Index/315
334,/Catalog/Index/316
335,/Catalog/Index/317
336,/Catalog/Index/318
337,/Catalog/Index/319
338,/Catalog/Index/320
339,/Catalog/Index/321
340,/Catalog/Index/323
341,/Catalog/Index/324
342,/Catalog/Index/325
343,/Catalog/Index/326
344,/Catalog/Index/327
345,/Catalog/Index/328
346,/Catalog/Index/329
347,/Catalog/Index/330
348,/Catalog/Index/331
349,/Catalog/Index/332
350,/Catalog/Index/333
351,/Catalog/Index/334
352,/Catalog/Index/335
353,/Catalog/Index/336
354,/Catalog/Index/2418
355,/Catalog/Index/447
356,/Catalog/Index/448
357,/Catalog/Index/452
358,/Catalog/Index/439
359,/Catalog/Index/440
360,/Catalog/Index/441
361,/Catalog/Index/444
362,/Catalog/Index/421
363,/Catalog/Index/425
364,/Catalog/Index/430
365,/Catalog/Index/431
366,/Catalog/Index/437
367,/Catalog/Index/5355
368,/Catalog/Index/409
369,/Catalog/Index/410
370,/Catalog/Index/411
371,/Catalog/Index/412
372,/Catalog/Index/417
373,/Catalog/Index/418
374,/Catalog/Index/419
375,/Catalog/Index/420
376,/Catalog/Index/402
377,/Catalog/Index/403
378,/Catalog/Index/404
379,/Catalog/Index/405
380,/Catalog/Index/406
381,/Catalog/Index/407
382,/Catalog/Index/408
383,/Catalog/Index/394
384,/Catalog/Index/395
385,/Catalog/Index/396
386,/Catalog/Index/397
387,/Catalog/Index/398
388,/Catalog/Index/400
389,/Catalog/Index/401
390,/Catalog/Index/5593
391,/Catalog/Index/5603
392,/Catalog/Index/5604
393,/Catalog/Index/5605
394,/Catalog/Index/5606
395,/Catalog/Index/5608
396,/Catalog/Index/5609
397,/Catalog/Index/5610
398,/Catalog/Index/5612
399,/Catalog/Index/5613
400,/Catalog/Index/5615
401,/Catalog/Index/5617
402,/Catalog/Index/5621
403,/Catalog/Index/5623
404,/Catalog/Index/5624
405,/Catalog/Index/5625
406,https://www.biblio-globus.ru/catalog/index/5627
407,https://www.biblio-globus.ru/catalog/index/5628
408,/Catalog/Index/5630
409,/Catalog/Index/5640
410,/Catalog/Index/5642
411,/Catalog/Index/5643
412,/Catalog/Index/5644
413,/Catalog/Index/5645
414,/Catalog/Index/5646
415,/Catalog/Index/5647
416,/Catalog/Index/5648
417,/Catalog/Index/5649
418,/Catalog/Index/5650
419,/Catalog/Index/5651
420,https://www.biblio-globus.ru/catalog/index/5543
421,/Catalog/Index/5663
422,/Catalog/Index/5673
423,/Catalog/Index/5674
424,/Catalog/Index/5677
425,/Catalog/Index/5678
426,/Catalog/Index/5680
427,/Catalog/Index/5681
428,/Catalog/Index/5682
429,/Catalog/Index/5684
430,/Catalog/Index/5685
431,/Catalog/Index/5690
432,/Catalog/Index/5691
433,/Catalog/Index/5697
434,/Catalog/Index/5698
435,/Catalog/Index/5699
436,/Catalog/Index/5700
437,/Catalog/Index/5701
438,/Catalog/Index/5703
439,/Catalog/Index/5709
440,https://www.biblio-globus.ru/catalog/index/2288
441,https://www.biblio-globus.ru/catalog/index/2289
442,https://www.biblio-globus.ru/catalog/index/2290
443,https://www.biblio-globus.ru/catalog/index/2291
444,https://www.biblio-globus.ru/catalog/index/5567
445,/Catalog/Index/2292
446,/Catalog/Index/2293
447,/Catalog/Index/2294
448,/Catalog/Index/2295
449,https://www.biblio-globus.ru/catalog/index/2274
450,https://www.biblio-globus.ru/catalog/index/5500
451,https://www.biblio-globus.ru/catalog/index/5516
452,https://www.biblio-globus.ru/catalog/index/5544
453,https://www.biblio-globus.ru/catalog/index/5545
454,/Catalog/Index/6346
455,/Catalog/Index/6347
456,/Catalog/Index/6348
457,/Catalog/Index/6349
458,/Catalog/Index/6350
459,/Catalog/Index/6351
460,/Catalog/Index/6352
461,/Catalog/Index/6353
462,/Catalog/Index/6354
463,/Catalog/Index/6355
464,/Catalog/Index/6356
465,/Catalog/Index/6357
466,/Catalog/Index/6358
467,/Catalog/Index/6359
468,/Catalog/Index/6360
469,/Catalog/Index/6361
470,/Catalog/Index/6362
471,/Catalog/Index/6363
472,/Catalog/Index/6364
473,/Catalog/Index/6365
474,/Catalog/Index/6366
475,/Catalog/Index/6367
476,/Catalog/Index/6368
477,/Catalog/Index/6369
478,/Catalog/Index/6370
479,/Catalog/Index/6371
480,/Catalog/Index/6372
481,/Catalog/Index/817
482,/Catalog/Index/819
483,/Catalog/Index/824
484,/Catalog/Index/825
485,/Catalog/Index/826
486,/Catalog/Index/827
487,/Catalog/Index/828
488,/Catalog/Index/830
489,/Catalog/Index/831
490,/Catalog/Index/832
491,/Catalog/Index/835
492,/Catalog/Index/836
493,/Catalog/Index/837
494,/Catalog/Index/838
495,/Catalog/Index/840
496,/Catalog/Index/841
497,/Catalog/Index/845
498,/Catalog/Index/846
499,/Catalog/Index/847
500,/Catalog/Index/848
501,/Catalog/Index/849
502,/Catalog/Index/850
503,/Catalog/Index/851
504,/Catalog/Index/852
505,/Catalog/Index/854
506,/Catalog/Index/855
507,/Catalog/Index/856
508,/Catalog/Index/857
509,/Catalog/Index/858
510,/Catalog/Index/859
511,/Catalog/Index/860
512,/Catalog/Index/861
513,/Catalog/Index/862
514,/Catalog/Index/863
515,/Catalog/Index/866
516,/Catalog/Index/868
517,/Catalog/Index/871
518,/Catalog/Index/872
519,/Catalog/Index/878
520,/Catalog/Index/879
521,/Catalog/Index/880
522,/Catalog/Index/883
523,/Catalog/Index/885
524,/Catalog/Index/886
525,/Catalog/Index/887
526,/Catalog/Index/888
527,/Catalog/Index/890
528,/Catalog/Index/891
529,/Catalog/Index/892
530,/Catalog/Index/893
531,/Catalog/Index/895
532,/Catalog/Index/896
533,/Catalog/Index/898
534,/Catalog/Index/899
535,/Catalog/Index/900
536,/Catalog/Index/901
537,/Catalog/Index/902
538,/Catalog/Index/903
539,/Catalog/Index/904
540,/Catalog/Index/906
541,/Catalog/Index/907
542,/Catalog/Index/908
543,/Catalog/Index/910
544,/Catalog/Index/911
545,/Catalog/Index/912
546,/Catalog/Index/913
547,/Catalog/Index/915
548,/Catalog/Index/916
549,/Catalog/Index/2313
550,/Catalog/Index/2314
551,/Catalog/Index/2316
552,/Catalog/Index/2318
553,/Catalog/Index/2319
554,/Catalog/Index/2320
555,/Catalog/Index/2321
556,/Catalog/Index/2417
557,/Catalog/Index/2322
558,/Catalog/Index/2323
559,/Catalog/Index/2324
560,/Catalog/Index/2326
561,/Catalog/Index/2327
562,/Catalog/Index/2328
563,/Catalog/Index/2329
564,/Catalog/Index/2330
565,/Catalog/Index/2331
566,/Catalog/Index/6031
567,/Catalog/Index/6032
568,/Catalog/Index/2333
569,/Catalog/Index/2334
570,/Catalog/Index/2335
571,/Catalog/Index/2336
572,/Catalog/Index/2337
573,/Catalog/Index/2339
574,/Catalog/Index/6056
575,/Catalog/Index/2342
576,/Catalog/Index/2343
577,/Catalog/Index/2344
578,/Catalog/Index/2345
579,/Catalog/Index/2346
580,/Catalog/Index/2347
581,/Catalog/Index/2348
582,/Catalog/Index/5981
583,/Catalog/Index/2352
584,/Catalog/Index/2353
585,/Catalog/Index/2355
586,/Catalog/Index/2356
587,/Catalog/Index/2357
588,/Catalog/Index/2358
589,/Catalog/Index/2359
590,/Catalog/Index/2360
591,/Catalog/Index/2609
592,/Catalog/Index/2362
593,/Catalog/Index/2364
594,/Catalog/Index/2366
595,/Catalog/Index/2367
596,/Catalog/Index/2368
597,/Catalog/Index/2369
598,/Catalog/Index/2370
599,/Catalog/Index/2371
600,/Catalog/Index/2372
601,/Catalog/Index/2373
602,/Catalog/Index/2377
603,/Catalog/Index/2378
604,/Catalog/Index/2379
605,/Catalog/Index/6067
606,/Catalog/Index/2382
607,/Catalog/Index/2383
608,/Catalog/Index/2384
609,/Catalog/Index/2385
610,/Catalog/Index/2386
611,/Catalog/Index/2387
612,/Catalog/Index/2390
613,/Catalog/Index/2391
614,/Catalog/Index/6064
615,/Catalog/Index/6065
616,/Catalog/Index/2395
617,/Catalog/Index/2396
618,/Catalog/Index/2397
619,/Catalog/Index/6384
620,/Catalog/Index/6386
621,/Catalog/Index/6015
622,/Catalog/Index/6017
623,/Catalog/Index/6008
624,/Catalog/Index/6009
625,/Catalog/Index/6010
626,/Catalog/Index/6011
627,/Catalog/Index/6012
628,/Catalog/Index/6013
629,/Catalog/Index/752
630,/Catalog/Index/753
631,/Catalog/Index/754
632,/Catalog/Index/755
633,/Catalog/Index/756
634,/Catalog/Index/758
635,/Catalog/Index/759
636,/Catalog/Index/807
637,/Catalog/Index/811
638,/Catalog/Index/813
639,/Catalog/Index/6385
640,/Catalog/Index/6298
641,/Catalog/Index/6299
642,/Catalog/Index/6300
643,https://www.biblio-globus.ru/catalog/index/6301
644,/Catalog/Index/6303
645,/Catalog/Index/6304
646,/Catalog/Index/6305
647,/Catalog/Index/6306
648,/Catalog/Index/6307
649,/Catalog/Index/6309
650,/Catalog/Index/6310
651,/Catalog/Index/6311
652,/Catalog/Index/6312
653,/Catalog/Index/6313
654,/Catalog/Index/6314
655,/Catalog/Index/6315
656,/Catalog/Index/6316
657,https://www.biblio-globus.ru/catalog/index/6318
658,https://www.biblio-globus.ru/catalog/index/6319
659,/Catalog/Index/6321
660,/Catalog/Index/6322
661,/Catalog/Index/6323
662,/Catalog/Index/6324
663,/Catalog/Index/6325
664,/Catalog/Index/6326
665,/Catalog/Index/6327
666,/Catalog/Index/6328
667,/Catalog/Index/6329
668,https://www.biblio-globus.ru/catalog/index/6192
669,https://www.biblio-globus.ru/catalog/index/6194
670,https://www.biblio-globus.ru/catalog/index/6196
671,https://www.biblio-globus.ru/catalog/index/6197
672,https://www.biblio-globus.ru/catalog/index/6199
673,https://www.biblio-globus.ru/catalog/index/6201
674,/Catalog/Index/6224
675,/Catalog/Index/6225
676,/Catalog/Index/6226
677,/Catalog/Index/6227
678,/Catalog/Index/6383
679,/Catalog/Index/6241
680,/Catalog/Index/6242
681,/Catalog/Index/6268
682,https://www.biblio-globus.ru/catalog/index/6205
683,https://www.biblio-globus.ru/catalog/index/6206
684,/Catalog/Index/6221
685,/Catalog/Index/6222
686,/Catalog/Index/6223
687,https://www.biblio-globus.ru/catalog/index/6213
688,/Catalog/Index/6248
689,/Catalog/Index/6249
690,/Catalog/Index/6250
691,/Catalog/Index/6251
692,/Catalog/Index/6252
693,/Catalog/Index/6263
694,/Catalog/Index/6264
695,https://www.biblio-globus.ru/catalog/index/6216
696,https://www.biblio-globus.ru/catalog/index/6234
697,https://www.biblio-globus.ru/catalog/index/6235
698,/Catalog/Index/6259
699,/Catalog/Index/6261
700,/Catalog/Index/6272
701,/Catalog/Index/6273
702,/Catalog/Index/6274
703,/Catalog/Index/6275
704,/Catalog/Index/6276
705,/Catalog/Index/6277
706,/Catalog/Index/6278
707,/Catalog/Index/6280
708,/Catalog/Index/6281
709,/Catalog/Index/6282
710,/Catalog/Index/6283
711,/Catalog/Index/6284
712,/Catalog/Index/6285
713,/Catalog/Index/6286
714,/Catalog/Index/6287
715,/Catalog/Index/6288
716,/Catalog/Index/6290
717,/Catalog/Index/6291
718,/Catalog/Index/6292
719,/Catalog/Index/6293
720,/Catalog/Index/6294
721,/Catalog/Index/6295
722,/Catalog/Index/6296
723,/Catalog/Index/215
724,/Catalog/Index/216
725,/Catalog/Index/218
726,/Catalog/Index/219
727,/Catalog/Index/1580
728,/Catalog/Index/1581
729,/Catalog/Index/1582
730,/Catalog/Index/1585
731,/Catalog/Index/1592
732,/Catalog/Index/1593
733,/Catalog/Index/1595
734,/Catalog/Index/1596
735,/Catalog/Index/1597
736,/Catalog/Index/1599
737,/Catalog/Index/1601
738,/Catalog/Index/1603
739,/Catalog/Index/1605
740,/Catalog/Index/1606
741,/Catalog/Index/1607
742,/Catalog/Index/1608
743,/Catalog/Index/1609
744,/Catalog/Index/1614
745,/Catalog/Index/1615
746,/Catalog/Index/1618
747,/Catalog/Index/1621
748,/Catalog/Index/1626
749,/Catalog/Index/1628
750,/Catalog/Index/1632
751,/Catalog/Index/1635
752,/Catalog/Index/1662
753,/Catalog/Index/1663
754,/Catalog/Index/1665
755,/Catalog/Index/1666
756,/Catalog/Index/1667
757,/Catalog/Index/1668
758,/Catalog/Index/1669
759,/Catalog/Index/1670
760,/Catalog/Index/1671
761,/Catalog/Index/1672
762,/Catalog/Index/5383
763,/Catalog/Index/5850
764,/Catalog/Index/5851
765,/Catalog/Index/5852
766,/Catalog/Index/5862
767,/Catalog/Index/5863
768,/Catalog/Index/5878
769,/Catalog/Index/5879
770,/Catalog/Index/5880
771,/Catalog/Index/5881
772,/Catalog/Index/5883
773,/Catalog/Index/5884
774,/Catalog/Index/5904
775,/Catalog/Index/5905
776,/Catalog/Index/5906
777,/Catalog/Index/5907
778,/Catalog/Index/5908
779,/Catalog/Index/5909
780,/Catalog/Index/5910
781,/Catalog/Index/5911
782,/Catalog/Index/5912
783,/Catalog/Index/1638
784,/Catalog/Index/1639
785,/Catalog/Index/1642
786,/Catalog/Index/1643
787,/Catalog/Index/1644
788,/Catalog/Index/1645
789,/Catalog/Index/1646
790,/Catalog/Index/1651
791,/Catalog/Index/1652
792,/Catalog/Index/1653
793,/Catalog/Index/1654
794,/Catalog/Index/1655
795,/Catalog/Index/1656
796,/Catalog/Index/1658
797,/Catalog/Index/1659
798,/Catalog/Index/1660
799,/Catalog/Index/1661
800,/Catalog/Index/2113
801,/Catalog/Index/2114
802,/Catalog/Index/2115
803,/Catalog/Index/2116
804,/Catalog/Index/2117
805,/Catalog/Index/2118
806,/Catalog/Index/2119
807,/Catalog/Index/2120
808,/Catalog/Index/2121
809,/Catalog/Index/2122
810,/Catalog/Index/2123
811,/Catalog/Index/2125
812,/Catalog/Index/2126
813,/Catalog/Index/2127
814,/Catalog/Index/2128
815,/Catalog/Index/2129
816,/Catalog/Index/2130
817,/Catalog/Index/2131
818,/Catalog/Index/2135
819,/Catalog/Index/2136
820,/Catalog/Index/2137
821,/Catalog/Index/2139
822,/Catalog/Index/2140
823,/Catalog/Index/2141
824,/Catalog/Index/2142
825,/Catalog/Index/2143
826,/Catalog/Index/2144
827,/Catalog/Index/2145
828,/Catalog/Index/2146
829,/Catalog/Index/2147
830,/Catalog/Index/2148
831,/Catalog/Index/2218
832,/Catalog/Index/2221
833,/Catalog/Index/5359
834,/Catalog/Index/5360
835,/Catalog/Index/5362
836,/Catalog/Index/2150
837,/Catalog/Index/2151
838,/Catalog/Index/2155
839,/Catalog/Index/2156
840,/Catalog/Index/2161
841,/Catalog/Index/5214
842,/Catalog/Index/2179
843,/Catalog/Index/2180
844,/Catalog/Index/2181
845,/Catalog/Index/2182
846,/Catalog/Index/2183
847,/Catalog/Index/5297
848,/Catalog/Index/5298
849,/Catalog/Index/5299
850,/Catalog/Index/5300
851,/Catalog/Index/5301
852,/Catalog/Index/5302
853,/Catalog/Index/5799
854,/Catalog/Index/5800
855,/Catalog/Index/5801
856,/Catalog/Index/5802
857,/Catalog/Index/2172
858,/Catalog/Index/5154
859,/Catalog/Index/5790
860,/Catalog/Index/5789
861,/Catalog/Index/5145
862,/Catalog/Index/5373
863,/Catalog/Index/5374
864,/Catalog/Index/5375
865,/Catalog/Index/5376
866,/Catalog/Index/2184
867,/Catalog/Index/2185
868,/Catalog/Index/2186
869,/Catalog/Index/2187
870,/Catalog/Index/2191
871,/Catalog/Index/2193
872,/Catalog/Index/2194
873,/Catalog/Index/2196
874,/Catalog/Index/5363
875,/Catalog/Index/5364
876,/Catalog/Index/5365
877,/Catalog/Index/5366
878,/Catalog/Index/5368
879,/Catalog/Index/5369
880,/Catalog/Index/5371
881,/Catalog/Index/5276
882,/Catalog/Index/5277
883,/Catalog/Index/5272
884,/Catalog/Index/5273
885,/Catalog/Index/5274
886,/Catalog/Index/5275
887,/Catalog/Index/5780
888,/Catalog/Index/5781
889,/Catalog/Index/5184
890,/Catalog/Index/2211
891,/Catalog/Index/2214
892,/Catalog/Index/2215
893,/Catalog/Index/2216
894,/Catalog/Index/2212
895,/Catalog/Index/2217
896,/Catalog/Index/2210
897,/Catalog/Index/5135
898,/Catalog/Index/5136
899,/Catalog/Index/5776
900,/Catalog/Index/5777
901,/Catalog/Index/2051
902,/Catalog/Index/2053
903,/Catalog/Index/2054
904,/Catalog/Index/2058
905,/Catalog/Index/2059
906,/Catalog/Index/2061
907,/Catalog/Index/2069
908,/Catalog/Index/2070
909,https://www.biblio-globus.ru/catalog/index/5191
910,https://www.biblio-globus.ru/catalog/index/2011
911,https://www.biblio-globus.ru/catalog/index/2012
912,https://www.biblio-globus.ru/catalog/index/6337
913,https://www.biblio-globus.ru/catalog/index/6338
914,https://www.biblio-globus.ru/catalog/index/6339
915,https://www.biblio-globus.ru/catalog/index/6342
